StudentID,Name,DOB,Grade,AttendancePercent,Maths,Physics,Chemistry,Biology,English,History,Geography,Computer,SportsScore,BehaviorScore,ParentContact,AdmissionDate,Scholarship,ExtraCurricular,Remarks
S500000,Student Eiewrhoo,2000-12-10,A,76.81,94,85,67,17,38,14,60,2,43,0,918234195527,2018-06-09,No,Sports,Remark Vjllbkhqz
S500001,Otudent Fifkakk,2000-01-20,A,83.78,59,39,73,13,17,59,65,93,40,9,919829039652,2018-11-25,No,Music,Remark Uioccolyoh
S500002,Student Plwbkuqgrm,2000-03-04,C,98.61,56,86,65,9,81,4,46,65,42,6,917808361349,2019-05-11,No,Sports,Remark Kxjv Lkx
S500003,Student Lexygvrm,2000-12-18,F,81.85,15,21,10,73,14,9,25,18,33,2,918345620780,2019-03-16,No,Unknown,Remark Ihiesaxclfujoh
S500004,Student Pqmwxoppsxc,2000-01-20,B,87.96,29,65,35,58,41,73,71,98,39,0,918943806916,2019-01-06,No,Sports,Remarkrsjmoiz
S500005,Student Ymrzp,2000-12-10,D,67.78,76,69,84,87,66,43,39,7,24,6,917998353814,2018-10-13,No,Music,Remark V Xujvvubgzna
S500006,Student Xfwrvfe,2000-01-20,F,86.24,73,96,90,12,23,9,80,73,25,7,919054918782,2019-01-06,Yes,Music,Remark Pahejsboktx
S500007,Student Byhfj,2000-12-16,F,48.2,11,54,12,38,53,76,97,53,20,6,917976948695,2019-02-05,No,Sports,Remark Kfvynuhcnxdjg
S500008,Student Slksicmrxm,2000-01-20,D,76.19,62,11,79,17,65,1,50,14,28,7,919098308196,2018-10-28,Yes,Sports,Remark Dkkgztjlrpgecp
S500009,Student Fdipbcxoor,2000-02-01,F,74.72,76,90,91,85,28,60,3,11,21,6,918628749320,2019-01-06,No,Music,Remark Otxao
S500010,Student Wkyjsro,2000-02-01,A,71.53,91,93,85,2,88,3,75,3,40,5,917937264154,2018-07-06,No,Art,Remark Rghwn
S500011,Student Jtyfbb,2000-03-25,F,47.09,6,29,64,56,88,85,60,62,0,1,919649508515,2018-10-13,Yes,Art,Remark Iwjcqiubi
S500013,Student Kfztepmsrsjewa,2000-04-25,A,87.86,19,56,92,61,15,68,56,41,22,5,919423528398,2018-10-28,No,Unknown,Remark Qte Uyjd
S500014,Student Isbmcr,2000-12-18,D,71.67,51,74,21,80,93,25,95,20,1,7,917262802461,2019-02-05,No,Sports,Remark Wqazbkhrdpivecs
S500015,Student Pbzzmfk,2000-05-27,D,49.1,10,50,94,27,86,84,80,20,28,3,917338599647,2018-10-28,No,Music,Remark Bq Xzku
S500016,Student Qfcyykgnoz,2000-05-27,C,75.83,25,25,99,84,81,20,59,91,3,8,918974738391,2018-12-09,Yes,Music,Remark P Mmrbf
S500017,Student Ekzgnyjqbwifqc,2000-09-15,A,61.76,89,29,97,77,79,94,33,29,30,9,917511239550,2018-07-07,No,Unknown,Remark Jbgrqjanqitcrjv
S500018,Student Zawamviqlf,2000-02-01,B,40.71,93,51,81,98,40,78,90,37,27,7,918744104243,2019-01-06,No,Unknown,Remark Qytocwerssxc
S500019,Studert Agjbmphspz,2000-12-18,D,85.83,49,64,2,58,53,30,87,84,21,3,918374759374,2019-05-24,No,Art,Remark Lxxyub Azgwuzfr
S500020,Student Cjcsyhcdtzxeu,2000-12-11,C,95.75,21,66,6,86,99,30,34,88,3,9,918983494990,2018-10-28,No,Sports,Remark Qmlrzczsvz
S500021,Student Azuwhlkozfkhfp,2000-05-27,B,78.99,100,75,1,51,31,37,81,100,33,5,917954118461,2019-02-23,No,Unknown,Remark Enkfb Xcoqavdak
S500022,Student Heezlpk,2000-01-13,F,63.23,6,43,15,10,28,51,60,50,7,9,918518050188,2019-02-14,Yes,Sports,Remark Nkysa
S500024,Student Myfvybvnhvtv,2000-02-01,F,48.13,50,50,5,34,46,81,54,83,25,7,919423601019,2018-08-13,No,Unknown,Remark Uekvbuavhdtg
S500025,Student Jckxlwfvlpiffpj,2000-12-16,D,65.46,30,16,63,1,51,49,46,81,21,5,917705474246,2018-10-13,Yes,Art,Remark Pgrtfkistmlpbui
S500026,Student Uvhorbuumcipga,2000-12-18,B,64.98,59,59,92,58,76,70,47,25,27,2,919946651058,2018-09-15,No,Music,Remark Zdrvomhnw
S500027,Student Wdwcztmg,2000-02-01,F,51.51,34,3,56,65,72,65,45,33,47,3,917381410924,2018-10-13,Yes,Art,Remark Dmcpvhgipha
S500028,Student Smlsfvfk,2000-02-01,C,64.06,22,92,14,81,34,4,75,44,6,4,918596254522,2019-01-06,Yes,Unknown,Remark Mglipyefeduiwin
S500029,Student Gdxztmqfcq,2000-12-16,C,83.77,3,11,47,58,5,78,7,37,11,1,918426964590,2018-10-13,Yes,Sports,Remark Fezxdcx
S500030,Student Zniawwnmsurowmw,2000-01-20,B,72.58,7,23,96,26,47,14,25,82,2,5,919963975008,2018-10-28,No,Art,Remark Jyjasfoecusnclw
S500031,Student Fvycdcexlttc,2000-02-01,F,51.81,21,63,28,61,38,93,53,4,41,8,917242268316,2019-01-15,Yes,Sports,Remark Hcsojkbcqczagm
S500032,Student Wzvxkzpam,2000-05-27,A,79.01,49,38,94,70,14,59,32,63,3,5,919791061373,2018-10-13,Yes,Unknown,Remark Hk Ovjfyjnoo
S500033,Student Kovflbxkkshe,2000-03-25,E,62.58,77,19,35,27,84,89,25,98,19,7,918273664022,2018-11-09,Yes,Music,Remark Oyimvz
S500034,Student Jjhudxgsh,2000-02-01,A,79.33,76,53,13,54,39,80,43,69,31,2,917212676021,2018-09-15,No,Music,Remark Ufzhadwlbik
S500035,Student Urrim  Xmqa,2000-01-13,F,97.5,38,79,67,7,21,71,12,48,36,1,917097689339,2018-10-28,No,Art,Remark Oiwwy
S500036,Student Dzbsz Jfgkydfa,2000-02-01,E,52.12,95,55,99,79,34,26,12,69,41,0,919260467062,2019-01-06,No,Sports,Remark Vidte
S500037,Student  Sag,2000-03-25,E,70.69,23,83,90,33,30,52,24,51,36,1,919498962899,2018-10-13,Yes,Unknown,Remark Glnumg
S500038,Student Qsnsvrr Rvirz,2000-03-13,F,42.08,17,72,94,77,63,5,43,34,24,1,919986895113,2018-09-04,Yes,Art,Remark Zzii
S500039,Student Aeppbdvqczn,2000-03-31,F,62.73,6,90,92,54,97,77,83,59,37,7,917989735305,2018-10-28,Yes,Sports,Recark Mrcaakcvkusrpo
S500040,Student Hkpejtccbaet,2000-05-27,A,92.63,45,12,75,76,88,81,63,43,19,3,917128926039,2018-09-27,No,Sports,Remark Ygowon
S500041,Student Copytnfcbkzrlth,2000-05-27,C,74.64,20,91,42,78,24,66,21,95,3,5,918940233296,2018-07-27,Yes,Unknown,Remark E Damqjg
S500042,Student Qjujbwfyjqefsx,2000-10-04,C,77.86,3,45,36,30,45,21,65,79,1,0,917897279170,2018-10-28,No,Sports,Remark Prxptfpaigrysri
S500043,Student Wtzrmfdzyiivp,2000-02-01,A,62.92,15,67,37,18,55,55,10,84,44,5,918174302007,2019-01-06,Yes,Music,Remark Kuugwrpvsnn
S500044,Student Glirbefypnd,2000-10-04,C,72.04,68,73,23,63,35,6,32,10,37,6,917445397393,2019-03-28,No,Art,Remark Zwizzlfxrouzya
S500045,Student Ucwsbupx Wg,2000-09-16,A,67.63,97,61,81,17,7,100,88,77,24,0,919393145055,2018-10-28,Yes,Unknown,Remark Jaybgbkavn
S500046,Student Ogzmyvsew,2000-03-25,A,71.01,48,51,52,11,62,7,14,46,31,8,919335303390,2018-08-06,Yes,Art,Remark X Xliesrdfuyi
S500047,Student Dktomvkmjd,2000-02-01,B,91.11,21,46,91,48,27,83,48,67,6,8,918873111405,2019-01-06,No,Music,Remark Swxrlni Miy
S500048,Student Dqvcfums,2000-01-13,F,62.28,97,53,55,1,73,94,55,35,7,1,918285978057,2019-04-03,No,Art,Remark Pqmvtxrkd
S500049,Student Dmkqarqoosu,2000-02-01,B,95.52,41,59,1,72,80,11,49,3,32,7,919556723138,2018-11-09,Yes,Music,Remark Dt Htllkqur
S500050,Student Tmunn,2000-02-01,D,85.8,69,65,10,89,17,77,19,47,2,6,917714154947,2019-01-06,Yes,Unknown,Remark Slqxatnwsgwogs
S500051,Student Cwmft,2000-03-04,B,50.68,34,36,10,21,89,37,19,45,26,7,919699500560,2018-09-15,No,Sports,Remark Dsujejp
S500052,Student Yarwlhkjl Xgxzf,2000-03-25,D,46.25,20,89,52,34,71,71,74,0,45,8,919530754563,2018-09-15,No,Music,Remark Xvxgprdmlner
S500053,Student Vmgfaxe,2000-01-13,D,68.07,27,41,5,83,47,9,67,97,22,6,917242581475,2018-06-07,No,Unknown,Remark Llaznspm
S500054,Student Jvvnhfbuxpq,2000-03-25,F,65.7,53,12,6,68,33,52,45,6,3,5,919423395016,2019-01-06,Yes,Music,Remark Wcxvnjpy
S500055,Student Midnduyedgmgdq,2000-02-01,A,43.25,4,59,76,13,43,96,31,51,22,8,919590938688,2019-01-06,Yes,Music,Remark Uoedvfbtgwn
S500056,Student Zudljsx,2000-03-24,C,73.35,27,60,6,52,91,21,81,70,28,2,917127505506,2019-01-06,Yes,Unknown,Remark Twhikgfrl
S500057,Student Tpdsml Grb,2000-04-25,B,54.83,36,3,66,17,61,15,86,12,32,6,917920245913,2019-05-23,Yes,Unknown,Remark Wauqwyvmszjfle
S500058,Student Psqteoy,2000-03-13,C,42.69,12,90,89,75,65,50,75,9,49,8,918868796146,2018-10-13,Yes,Music,Remark Flyyszeyagnv
S500059,Student Jvdec,2000-02-01,D,65.61,28,13,64,55,80,96,27,25,17,6,917595866700,2018-12-20,Yes,Sports,Remark Nvhvftkntrx
S500060,Student Pddxi Xgvfidto,2000-12-16,B,85.95,94,43,63,97,29,94,65,85,46,6,919799381274,2018-09-22,No,Unknown,Remark Z Quw Tyoh
S500061,Student Kipgo,2000-02-01,B,40.39,33,97,73,49,30,75,80,78,17,5,919656434437,2018-11-19,Yes,Unknown,Remark Asgptoz
S500062,Student Hutpnntqn,2000-12-16,C,93.38,36,76,65,84,37,60,38,50,8,4,919860480278,2018-07-31,No,Sports,Remark Diapzncong
S500063,Student Dooiom,2000-02-01,A,57.91,89,94,42,58,80,72,82,75,37,7,918502346899,2019-01-06,Yes,Unknown,Remark Hflecclertzjs
S500064,Student Jiocdjwcbp,2000-04-25,A,90.21,7,74,19,35,41,14,52,87,24,7,918335424762,2019-02-05,Yes,Music,Remark Gipvlggl Yu
S500065,Student Iqpmgpnudklhcs,2000-05-27,F,90.04,75,44,37,30,41,9,9,44,41,2,918846798581,2018-10-05,No,Music,Remare Lxregnpb
S500066,Student Fwibvth,2000-10-02,D,78.93,91,69,58,48,60,80,70,29,14,5,917125134442,2018-10-13,No,Art,Remark Oeuon
S500067,Student Fs Xdwxe,2000-12-16,E,62.35,45,9,71,62,24,32,70,54,44,1,918552160599,2018-09-27,Yes,Art,Remark Goceejfkv
S500068,Student Qfcnqgdbsav,2000-01-20,D,56.45,34,95,33,100,48,95,4,16,44,7,917846859609,2019-01-06,No,Art,Remark Sur Cqngdc
S500069,Student Topltxpif,2000-02-01,D,53.43,50,83,12,76,39,13,54,22,37,0,917726894254,2018-09-20,No,Unknown,Remark F Wfygxtwskod
S500071,Student Hyvpkdyuym,2000-01-20,D,78.74,74,47,18,22,21,95,22,31,37,6,919136597253,2018-09-06,Yes,Art,Remark Xsmoe
S500073,Student Gugkykz,2000-02-01,C,46.94,13,84,67,23,44,2,48,15,28,5,919857861272,2018-10-13,No,Unknown,Remark Wmhrc
S500074,Student Ctnvlrlgkimk,2000-03-25,C,58.45,100,24,52,73,80,16,73,52,33,5,917372713389,2018-11-01,Yes,Music,Remark Hvdwzei
S500075,Student Rurmirdxppcvwn,2000-03-04,C,97.32,64,2,32,75,7,38,40,46,22,8,919698934309,2018-10-13,No,Sports,Remark Qqhvccwgfsbzmxs
S500076,Student Tdalb,2000-02-01,F,86.46,11,92,13,55,91,13,40,87,37,8,918337751896,2018-09-15,No,Music,Remark Vanu Npgkmu
S500077,Student Tbqiucqgddzqe,2000-05-27,E,57.75,23,61,81,75,13,51,13,98,36,3,917278616122,2019-01-06,Yes,Music,Remark Yyeaululnzfyjcf
S500078,Student Ijfdh,2000-12-16,A,56.05,88,76,18,74,20,73,21,83,7,5,917158388096,2018-07-31,No,Music,Remark Rhglqnppqx
S500079,Student Phvkqya Uyabe,2000-12-18,B,68.74,30,45,69,63,39,19,76,48,44,0,918293156095,2019-01-19,No,Unknown,Remark Ipvzq Qp
S500080,Student Tvymdsycepcjs,2000-01-06,E,60.63,72,10,1,14,13,77,66,30,11,4,918263235127,2018-12-20,Yes,Art,Remark Uobyy V
S500081,Student Fhhrgzf,2000-12-18,F,46.97,35,84,36,92,34,81,3,62,33,4,917249290037,2018-10-13,No,Music,Remark Gfyjvzmzvwbg
S500082,Student Fsrafhhlo,2000-10-12,A,63.3,18,87,27,42,22,77,69,7,1,8,918943428908,2018-10-13,No,Music,Remark Dznjgj
S500083,Student Gtioyptw,2000-01-20,A,57.12,67,63,55,64,98,81,62,59,7,9,919357841627,2018-08-26,Yes,Unknown,Remark Siomwcohlhwj
S500084,Student Hujivlmhen,2000-01-20,C,58.68,55,92,29,62,98,23,52,66,2,8,918355503973,2019-02-05,Yes,Art,Remark Hssjbb
S500086,Student Kwbgri,2000-05-27,A,72.16,89,40,55,44,80,39,37,45,27,5,917001373715,2018-10-28,Yes,Music,Remark Vcvhifcjbwa
S500088,Student Qoigzttxrbb,2000-09-06,C,73.63,48,9,84,51,64,84,14,22,19,6,917821519972,2018-12-16,No,Art,Remark Yhgwlsbdkesda
S500089,Student Qhpmt,2000-01-20,D,69.57,69,10,17,68,93,16,58,10,20,0,918280054474,2018-11-09,Yes,Music,Remark Slusv
S500090,Student Mfhwyysdakkj,2000-06-17,C,65.9,47,99,77,20,41,30,6,78,11,8,918716988868,2019-01-06,Yes,Art,Remark Srvcmiopak
S500091,Student  Hylemyqllbcj,2000-01-20,C,84.42,17,29,43,69,70,95,81,6,11,0,918604743338,2018-09-15,Yes,Unknown,Remark Qakbmxzbyih
S500092,Student Ytalrwcil,2000-03-04,E,81.2,69,42,7,40,70,17,91,62,18,6,918389367632,2019-02-05,Yes,Unknown,Remark Hpfgwkhuirc
S500093,Student Tryrbnjgbwnvhf,2000-02-01,B,61.25,28,54,25,48,50,52,38,16,7,4,919257089760,2018-10-13,No,Sports,Remark Jgcghbtvebno
S500094,Student Audbvc,2000-03-04,B,68.83,61,19,48,76,10,9,9,5,2,5,918608321552,2019-02-05,No,Art,Remark Dudllniqwl
S500095,Student Twkis,2000-02-01,D,62.65,73,93,3,9,93,40,59,42,44,9,918650017934,2018-09-24,Yes,Art,Remark Axwko
S500096,Student Qetoutqoog,2000-05-27,A,57.64,20,73,15,74,13,11,56,73,22,1,919149380062,2018-06-09,Yes,Art,Remark Osdtymf
S500098,Student Cbfwvqoco G,2000-02-01,E,90.93,66,29,87,70,20,86,21,23,33,0,917459553074,2018-11-04,Yes,Art,Remark Faoleabj
S500099,Student Uxtnrjwzxdd,2000-12-18,C,85.38,35,3,23,77,50,25,1,19,38,3,919462151362,2019-03-14,Yes,Sports,Remark Zfdpvyctz
S500100,Student Vnnejojigmcz,2000-02-01,F,90.22,62,57,88,23,1,68,79,20,25,4,917350617068,2018-11-13,Yes,Sports,Remark Ijhhqwavxpmc N
S500101,Student Qkgffrzihsh,2000-02-01,F,48.96,17,94,25,60,34,73,90,63,17,2,917977280157,2018-10-28,No,Sports,Remark Cykmed
S500102,Student Tliklfg,2000-10-19,B,81.08,19,17,21,2,100,92,89,84,14,2,917868901698,2018-10-13,No,Unknown,Remark Pvsxqkmodh Z
S500104,Student Ygisdsdgm,2000-03-25,F,55.27,61,59,57,58,27,65,99,33,10,4,917414969241,2018-08-21,Yes,Music,Remark Wllmni
S500105,Student Zpoufhqqcbazc,2000-02-01,D,62.9,64,33,53,4,45,5,71,48,19,5,919797269992,2018-07-07,No,Unknown,Remark Xgahztqy
S500106,Student Nmkvylwez,2000-02-01,B,86.39,89,62,36,84,75,72,60,28,20,0,918599597161,2019-03-16,Yes,Unknown,Remark Bhjjdpvtrsg
S500107,Student Hjeinkw,2000-05-27,A,89.19,16,97,97,82,73,52,62,6,13,2,919849816147,2018-10-28,Yes,Sports,Remark Xsftemdyswwaj
S500108,Student Tjksu,2000-01-20,E,89.07,28,38,43,14,45,51,85,9,0,1,918743666451,2018-09-15,No,Art,Remark Zhbkhjes
S500109,Student Rlkszijylbxsf,2000-10-30,B,45.51,83,74,94,38,11,93,35,25,46,4,919747013274,2018-07-24,Yes,Music,Remark Xkzthrjrp
S500110,Student Ogghhcu,2000-02-01,F,47.53,8,6,44,72,60,45,23,0,33,3,917217663381,2018-10-28,Yes,Art,Remark Mipbqudyj
S500111,Student Ghfszlthky,2000-12-18,D,70.29,93,58,13,36,50,100,38,60,21,9,918096585258,2019-01-06,Yes,Sports,Remark Mmimxg
S500112,Student Nifrt,2000-05-27,A,74.6,65,100,63,39,56,32,21,31,19,1,919003561629,2018-10-28,No,Music,Remark Ffygmraj
S500113,Student Lpusaumbqvmetps,2000-02-01,B,66.98,35,89,24,33,42,53,98,20,37,6,918754842336,2019-04-08,Yes,Unknown,Remark Tvlzrmzpygyai
S500114,Student Xoirxs,2000-12-16,A,59.31,90,40,73,23,70,69,65,17,23,9,918662942363,2019-02-05,No,Sports,Remark Bypaltpgrmi
S500115,Student Qnibdk Ajqpixn,2000-07-14,A,52.68,25,60,40,1,71,55,73,49,34,7,918448252322,2019-03-16,Yes,Art,Remark  Iqpkxop
S500116,Student Xucyleaxg,2000-12-18,B,64.81,50,14,79,25,22,3,95,30,34,9,917044948076,2018-11-15,No,Music,Remark Nrepz G
S500117,Student Qxqlclqofro,2000-03-04,F,48.38,82,20,68,46,100,2,23,31,49,7,918430867794,2018-08-28,Yes,Art,Remark Rdsqevkmjubas
S500118,Student Xysoieygsh,2000-10-18,B,90.1,6,46,59,29,93,24,24,47,1,7,917140913076,2019-02-05,No,Music,Remark Vshasekatcck
S500119,Student Nc Xixkibkhybk,2000-01-20,F,49.57,8,84,39,60,81,43,50,84,40,6,917113952275,2018-11-29,Yes,Art,Remark Jnxhzzwxkdezcic
S500120,Student Cqezdirbkttkpxe,2000-01-20,E,55.62,3,19,24,21,63,21,86,17,4,0,919668844332,2018-07-24,No,Art,Remark Qsirzt
S500121,Student Lsoneryvpyoapni,2000-11-11,E,51.66,43,69,33,24,42,80,82,49,35,5,919895504565,2018-10-13,No,Sports,Remark Zxmdncxwsfo
S500123,Student Uqnb Ioaovonni,2000-11-17,F,73.86,51,12,34,67,8,54,52,48,32,7,918051742592,2018-12-20,Yes,Music,Remark Ctaltlsnctzuie
S500124,Student Kvrchxneg,2000-02-01,A,88.84,13,19,40,6,63,97,11,63,14,5,918034800186,2019-02-14,Yes,Music,Remark Tlyoogdsdjdpytg
S500125,Student Gscjydngmqaq,2000-03-25,B,89.01,88,63,0,93,26,17,58,86,37,8,919395587017,2019-02-05,Yes,Unknown,Remark Rqxejjcoxuf
S500126,Student Ybeszgfoh,2000-02-01,C,92.63,15,28,32,84,34,4,64,42,36,4,917246623102,2018-08-26,No,Unknown,Remark Eej Xvnawuodi
S500127,Student Bzuswrv,2000-01-20,E,42.37,8,84,24,23,60,58,63,9,10,3,918793705261,2018-09-15,No,Music,Remark Zevivvjyiwhg Xg
S500128,Student Xgkeuxizwnn,2000-03-25,D,50.12,27,61,43,25,70,55,39,94,39,2,919896007488,2018-10-13,No,Music,Remark Dzllwsscsjcqm
S500129,Student Hpcjfpxpdp,2000-02-01,E,64.22,91,16,87,45,0,13,65,71,7,5,917916868316,2018-10-13,No,Sports,Remark Vrnbrtswazvyaft
S500130,Student Meigzukkdkcy,2000-01-20,C,58.91,32,22,72,55,54,26,88,73,16,6,918545321557,2018-12-09,Yes,Unknown,Remark Xkvrjomvrjcow
S500131,Student Qngnqq,2000-05-27,A,91.04,43,22,92,54,40,5,7,3,25,9,918110040928,2019-03-16,No,Unknown,Remark Lfjeqsdlqbaprfm
S500133,Student Zamlepdtvetn,2000-12-10,D,92.94,98,68,63,99,5,46,57,49,48,9,918613886220,2018-06-12,No,Sports,Remark Hdipsbta
S500134,Student Ozwfmmgof,2000-03-24,D,59.03,6,20,51,44,81,76,42,5,22,3,919131323317,2018-10-13,Yes,Music,Rgmark Jhkvjvj
S500135,Student Rlpezwjqh,2000-05-27,E,55.66,78,68,25,42,28,80,68,50,13,6,917548554168,2018-10-28,Yes,Sports,Remark Idnuga
S500136,Student Ijcfyhkcikoh,2000-02-01,F,63.44,73,2,53,65,64,56,95,98,26,8,919929338082,2019-01-15,Yes,Art,Remark Xqbcgnu G
S500137,Student Otwbgyjn,2000-01-20,D,94.91,28,74,20,79,5,95,100,72,8,7,918177165353,2019-02-05,Yes,Sports,Remark Mhwlyxpbjiwqac
S500139,Student Mpcounmndanj,2000-02-01,F,51.96,17,63,53,35,85,9,49,31,7,0,917765655475,2018-11-06,No,Unknown,Remark Rleeciaujipm
S500140,Student Mfktjq,2000-12-16,C,79.89,59,5,20,50,13,65,90,35,35,3,919254101170,2019-01-19,Yes,Unknown,Remark Zhfewx Paotxurm
S500141,Student Axnmmfcputg,2000-11-11,A,60.22,36,61,60,46,17,5,6,3,1,0,919006319913,2019-03-16,Yes,Art,Remark Opekpew
S500143,Student Isg Orlk,2000-01-20,E,48.36,52,0,90,23,18,45,60,80,16,7,919288294895,2019-02-05,No,Sports,Remark Bocgzlzraztnagr
S500144,Student Mvtxlcssglp,2000-12-18,E,99.85,89,74,56,18,49,35,89,25,38,3,918405626833,2019-05-24,Yes,Sports,Remark Ftijtnehofe
S500145,Student Wfvmurjdqv,2000-12-16,F,81.53,37,99,99,72,80,22,61,40,36,4,918161840688,2018-12-19,No,Music,Remark Sschd  Qsaqy
S500146,Student Plehn,2000-09-06,B,71.76,4,75,9,45,88,55,17,59,38,9,918605962890,2019-04-03,No,Unknown,Remark Q Dlmtvnpuxxfyk
S500147,Student Dfjuhskwbnaz,2000-02-01,B,49.49,39,73,98,58,11,18,80,17,41,5,917218234086,2018-11-25,No,Sports,Remark Ylulnh
S500148,Student Kevbwztv,2000-03-04,A,87.65,42,87,92,82,84,35,81,10,39,7,919249663065,2019-03-16,No,Music,Remark Mqcfawyuntmku
S500149,Student Tsgyqhdvbfqn,2000-05-27,A,58.93,100,62,1,92,90,38,50,47,41,9,919943987029,2018-10-13,Yes,Sports,Remark Jbuwcl
S500150,Student Tnbwimzszramcwe,2000-05-27,D,93.55,77,16,12,59,47,40,88,58,3,8,917348199976,2018-11-26,No,Art,Remark Edmiqi
S500151,Student Miyusixyq,2000-03-25,B,65.94,999,87,28,40,51,42,11,60,20,7,917952049712,2019-02-05,Yes,Unknown,Remark Eivxupadx
S500152,Student Riezkgwrodqdfrx,2000-04-14,F,95.54,77,30,65,42,36,8,33,64,35,5,919819359368,2019-02-05,Yes,Unknown,Remark Noclj
S500153,Student Mghwhrkpewszfw,2000-10-19,D,43.91,28,41,22,76,17,3,77,2,16,5,917055347372,2018-10-05,Yes,Unknown,Remark Amazrypooxo
S500154,Student Mtlxw,2000-02-01,D,80.49,13,28,38,40,71,10,12,28,49,0,919772642269,2019-02-05,Yes,Art,Remark Vrrdvcfskxwdqa
S500155,Student Vwtdaz,2000-03-25,D,90.71,72,98,13,99,13,9,85,10,20,6,917355003525,2019-03-16,No,Sports,Remark Piieg
S500156,Student Swhpm,2000-11-17,C,67.98,44,40,5,15,63,82,10,44,36,4,918230887744,2018-11-09,Yes,Music,Remark Fmptzxqki
S500157,Student Mlzqluepx,2000-12-16,D,96.51,88,74,72,6,22,36,16,43,21,1,918427190742,2018-10-13,Yes,Unknown,Remark Ngvszohrnn
S500158,Student Dgwsgemslm,2000-02-01,E,63.96,62,62,51,74,39,35,57,4,18,9,919835673428,2018-09-15,Yes,Sports,Remark Yekmwr
S500159,Student Gqliblgjrgzyko,2000-12-16,C,80.59,88,83,27,2,91,52,55,8,38,7,919575855428,2018-09-22,Yes,Art,Remark Akubapuj
S500160,Student Lbpdg,2000-05-27,C,85.6,62,23,22,20,43,27,27,94,23,8,918763798748,2019-02-05,Yes,Art,Remark Nsmxekilzwigt
S500161,Student Vqfuobgzgncmj,2000-05-27,C,84.6,92,14,61,19,22,42,98,2,15,4,919916870409,2019-03-16,No,Art,Remark Ybebyqgdjmft
S500162,Studrnt Omibcpgooyejniy,2000-02-01,E,96.82,76,38,7,66,69,21,33,4,2,3,917246364914,2019-04-17,Yes,Music,Remark Lriavctjzsesvb
S500163,Student Inihwplcxwo,2000-12-16,E,65.31,83,94,9,0,36,43,41,92,32,6,918074762144,2019-03-16,No,Unknown,Remark Jaz Uww
S500164,Student Gjhfefwvfoaa,2000-01-20,D,41.99,47,79,73,70,3,41,25,13,25,6,919531561353,2018-11-19,Yes,Unknown,Remark Aahqqroqqw
S500165,Student Bycwtetw,2000-02-01,F,44.6,4,71,67,38,43,83,71,40,44,2,918720079588,2018-08-28,Yes,Art,Remark Efkwkj
S500166,Student Atttzxxsydnnxfg,2000-04-25,E,40.76,32,55,48,55,67,79,70,98,16,6,918278536821,2019-02-05,Yes,Unknown,Remark Eckwqxekayfh
S500167,Student Pnsasdr Tyonj,2000-02-01,A,61.97,57,4,54,23,97,50,2,31,37,6,919498512703,2019-01-06,No,Unknown,Remark Psonn
S500168,Student Bdlrr,2000-05-27,C,51.74,18,29,30,51,97,15,66,23,7,4,919681100738,2018-11-13,Yes,Sports,Remark Vtecvmrho Pcslc
S500169,Student Gpgcpc Zlonsams,2000-03-04,F,42.78,31,10,20,78,81,69,11,34,33,8,918164920944,2018-11-09,No,Art,Remarx E Hkkzpv
S500170,Student Uwqyjwl,2000-03-04,F,65.3,24,64,52,70,0,30,83,31,2,2,919662181454,2019-02-14,Yes,Unknown,Remark Pxzducvx U
S500171,Student Lijsbhiyjwombcw,2000-05-27,E,43.85,72,77,60,57,86,29,37,39,5,8,917106240949,2018-11-04,Yes,Unknown,Remark Lrabwtcwslg
S500172,Student Pzmjy,2000-12-16,B,45.5,23,95,40,69,85,89,71,71,46,9,919267964682,2018-10-13,No,Art,Remark Wtbuxwkefet
S500173,Student Cfvmdl Du,2000-05-27,E,43.16,61,60,57,90,45,40,88,80,23,7,918613124800,2019-01-06,Yes,Art,Remark Eywjsukaaipmhz
S500174,Student Fkvjvwyjciqkg,2000-02-01,D,76.29,93,11,93,57,1,67,87,70,49,2,918288993242,2018-10-13,No,Art,Remark Cotepw
S500175,Student Fuzagyfglmjxi,2000-01-20,F,83.64,62,85,25,80,18,57,93,41,38,7,919910566229,2019-01-06,No,Music,Remark Zdyvbfkte
S500176,Student Jiklptihqam,2000-08-31,B,69.41,21,17,40,16,43,13,52,91,31,4,918359063152,2018-12-22,Yes,Unknown,Remark Cpopt
S500177,Student Wyhbuktvqv,2000-01-20,F,67.83,28,26,85,24,60,25,45,8,32,7,917425748315,2018-10-28,No,Sports,Remark Dctnzuqjfnixvs
S500179,Student Apkkykyovw D,2000-10-18,F,52.8,18,98,22,26,50,87,8,71,18,5,917657418320,2019-04-21,Yes,Music,Remark Jebtqgbtjderz
S500180,Student Gme Dooupxuougy,2000-12-16,A,64.37,53,85,96,55,47,93,93,83,5,9,917327497579,2018-06-09,No,Music,Remark Flppsuxxthct
S500182,Student Icofxsj,2000-04-14,F,65.17,57,99,30,23,67,14,76,83,41,1,919878988061,2018-10-28,Yes,Music,Remark Vpjme
S500183,Student Vooxmmktsfx,2000-12-10,C,73.68,70,70,43,48,17,10,45,62,27,2,918712899293,2019-03-16,Yes,Music,Remark Jrfyenxjldll
S500184,Student Eiirravovtiyi,2000-06-17,D,97.99,16,69,75,53,72,34,35,45,12,7,918355438729,2019-01-06,Yes,Music,Remark D Vximokttw
S500185,Student Ph Pb,2000-03-25,E,45.21,21,78,41,20,100,71,86,95,34,4,918790724182,2018-09-15,Yes,Music,Remark Ohvaoaxh
S500186,Student Yooqut,2000-12-10,B,76.64,86,70,96,1,76,6,92,49,5,1,919947974907,2018-10-28,No,Art,Remark Tdhggaufhqzm
S500187,Student Nmhzid,2000-11-11,D,88.05,82,98,85,64,13,26,84,73,40,5,917397581235,2018-10-13,Yes,Unknown,Remark Mytmb
S500188,Student Zwrkfie Agm,2000-03-31,A,89.34,13,11,22,83,0,57,52,98,3,9,917379883961,2018-11-25,No,Art,Remark Se Jgdjninzg
S500189,Student Pbabcv,2000-12-16,F,97.55,99,87,5,53,33,40,43,88,47,0,918847992388,2019-01-06,No,Art,Remark Ywivljaab
S500190,Student Oyzylswvkbzbaqq,2000-05-27,E,41.11,59,59,59,2,84,18,100,30,33,0,918815001869,2018-10-28,Yes,Sports,Remark Wlhvkg
S500192,Student Upikvshh,2000-01-06,E,96.04,9,21,25,45,67,13,93,90,15,7,918330302924,2018-10-28,No,Art,Remark Xmqqow
S500193,Student Hojrpldno,2000-12-16,D,76.69,4,80,12,95,99,45,34,7,25,0,919715188115,2018-06-25,No,Art,Remark  Ffjjzvngod
S500194,Student Ulqlhwfrq,2000-12-16,C,47.66,74,60,32,55,51,16,35,0,22,6,917191135822,2018-12-19,No,Art,Remark Cjpuiynkdyyuob
S500195,Student Qdduelmt,2000-10-12,F,60.61,63,85,82,7,75,56,89,0,26,4,919428701349,2019-02-05,No,Sports,Remark Nvczlardi
S500196,Student Nizziss Sk,2000-08-20,A,71.67,62,43,23,56,43,28,31,92,35,7,918733450983,2018-10-13,Yes,Art,Remark Plazrdq
S500197,Student Rfnfmyctvfkgzd,2000-10-19,D,66.25,9,62,59,60,84,10,41,68,46,1,917443629610,2018-10-28,No,Music,Remark Uxuwvavhii
S500198,Student Rjwyly Spe,2000-05-27,F,46.69,1,55,0,10,70,11,2,18,44,2,918539075841,2018-07-27,No,Art,Remark Ptwldpgnku
S500199,Student Kuazsbzdkhbawe,2000-01-02,D,91.48,15,81,18,86,73,71,26,89,3,4,918291201385,2018-07-31,Yes,Art,Remark Rwqaj
S500200,Student Gptxcjabxak,2000-03-04,F,52.61,91,14,56,90,64,97,59,55,10,7,917258468565,2018-11-13,No,Music,Remark Sybrqyoml
S500201,Student Hjpcg,2000-02-01,C,82.2,25,5,56,90,52,30,77,8,12,4,918884565227,2018-07-20,Yes,Art,Remark Pktlfkmvhl
S500202,Student Bjesxdhrrmloun,2000-02-01,E,85.72,8,62,91,58,52,81,51,20,16,2,918848459632,2018-10-28,Yes,Music,Remark Siqflqnz
S500203,Student P Cao,2000-01-20,E,81.7,86,78,75,20,46,78,40,41,14,8,919931488292,2019-01-11,Yes,Art,Remark Hqbor
S500204,Student Rbfaxzi,2000-01-20,A,73.09,55,82,37,95,18,78,47,57,6,6,918084571730,2019-01-06,Yes,Unknown,Remark Vbt Fuadbe
S500205,Student Mdznlkaraxjtmj,2000-01-20,D,64.3,70,22,58,35,74,37,31,90,0,5,917035197840,2018-06-07,Yes,Unknown,Remark Vcyn Vtolppnnc
S500206,Student Hqqbsyem,2000-05-07,C,54.5,18,9,30,49,60,98,59,27,27,2,919701453502,2018-07-20,Yes,Music,Remark Hdhvtz Ifk
S500207,Student Dhyohizp,2000-01-02,B,66.83,97,30,54,15,90,98,10,28,36,5,917432042051,2018-10-13,Yes,Unknown,Remark Nbbenjdifzkxuhz
S500208,Student Vpeuy,2000-03-24,F,69.37,56,88,33,14,98,48,75,18,43,0,918597272471,2018-09-09,Yes,Unknown,Remark Ivwjosrsnwnhq
S500209,Student Tosmyj,2000-01-20,D,76.87,92,78,27,47,58,23,32,45,14,0,919611769500,2019-01-06,No,Music,Remark Roajnvxgodpdlj
S500210,Student Apaileqhht,2000-05-27,E,84.84,54,52,17,28,82,96,68,13,29,7,917028670981,2018-12-04,Yes,Unknown,Remark Juzvreknvz
S500211,Student Gsefrcuxrs,2000-07-26,A,70.92,48,80,20,71,49,64,69,0,24,5,917365633950,2019-05-23,Yes,Sports,Remark Jucpjgf Yh
S500212,Student Wapkoeiknby,2000-08-31,C,68.38,41,85,16,47,13,88,16,40,42,3,918662199771,2018-07-06,Yes,Unknown,Remark Knikytsmyjq Ntr
S500213,Student Zkkxtothl,2000-05-27,B,82.44,10,77,77,66,51,12,12,58,49,4,919355992978,2018-12-16,Yes,Music,Remark Lzsjp
S500214,Student Uhctkkhb Sdv,2000-01-20,F,94.7,1,50,90,13,81,44,6,26,47,5,917180878407,2018-10-13,Yes,Sports,Remark Agpagmqonfqu
S500215,Student Afdxrsu,2000-01-13,D,96.49,77,93,41,62,68,29,21,49,42,6,917992941339,2018-10-28,No,Unknown,Remark Mdeiuumegdkjntt
S500216,Student Wvaqcgrmpwdg,2000-01-20,C,75.82,47,42,56,3,53,37,60,84,44,3,917012947637,2019-04-03,No,Music,Remark Pycpdyg
S500217,Student Xxoczwtzhbhgph,2000-05-27,E,57.94,22,35,45,46,36,99,36,7,6,0,918208586655,2018-10-13,No,Sports,Remark Kmhszyobeksk
S500218,Student Yjuanbhaxdp,2000-10-02,E,58.24,83,42,1,30,97,87,19,29,2,1,917449264116,2018-07-31,No,Sports,Remark Tvkemtti
S500219,Student Qnyfmevxzo,2000-03-25,E,70.2,93,51,72,68,3,13,37,61,6,5,918184326356,2018-11-26,No,Art,Remark Yjlxkvckq
S500220,Student Xiyyhcyggzkd,2000-12-18,A,82.83,87,4,70,98,65,86,76,6,19,0,919340945295,2018-10-13,Yes,Unknown,Remark Crvbjekgugppv
S500221,Student Sqkxn,2000-12-11,D,56.02,23,16,37,32,90,99,33,3,35,7,918664938633,2019-02-05,No,Music,Rebark Rcjoe
S500222,Student Fdhlxhbkvvizlv,2000-12-16,F,78.2,59,12,22,6,50,13,39,40,39,6,918159853126,2018-06-12,No,Sports,Remark Wkiqmpu Mhnpb
S500223,Student Q Pytucoapxej,2000-10-30,B,52.93,46,64,73,33,97,0,79,4,45,3,918824096841,2018-10-28,Yes,Art,Remark Bubtlubwyaeff
S500224,Student Owscvius,2000-12-16,B,79.61,46,10,27,81,69,57,20,46,10,3,919174194455,2018-10-28,Yes,Sports,Remark Pwpwdavxltdri
S500225,Student Kkavknvsjxysanj,2000-07-26,F,62.69,49,49,53,45,23,97,54,51,6,8,919317182137,2018-08-21,No,Sports,Remark Bdapdyurhtdyvor
S500226,Student Johlpyqffrj,2000-02-01,C,84.91,20,87,78,68,38,41,45,50,7,7,919943115035,2019-04-08,Yes,Unknown,Remark Opdzolwj
S500227,Student Goyrd,2000-12-16,A,60.94,96,53,41,47,68,23,52,88,47,7,919158341488,2018-10-13,Yes,Unknown,Remark Ivxfgibzoxw
S500228,Student Wplvlhaczc,2000-01-20,F,55.34,76,24,36,78,22,86,84,89,4,3,918732210729,2019-04-08,Yes,Sports,Remark Zziybcdod
S500229,Student Gbwzphtjaoiu,2000-03-25,D,60.17,15,97,82,21,46,9,45,29,16,7,919654623579,2018-08-13,No,Music,Remark Gfsjr Meihfq
S500230,Student Qskxjok,2000-05-27,A,91.17,86,46,20,17,77,53,7,38,12,1,919667996941,2018-10-28,No,Sports,Remark Uetwsqfmz
S500231,Student  Xmusdeehbvzfx,2000-02-01,F,86.74,83,42,23,18,27,86,6,40,35,4,917037698039,2019-02-05,No,Music,Remark Pvcdxgrgqlowof
S500232,Student Kcebrzhpgdmg,2000-05-27,A,41.4,7,64,18,17,30,58,66,46,38,9,918021070503,2019-01-06,Yes,Sports,Remark Btpvhnbpat
S500233,Student  Pxbhvvssgcpu,2000-05-27,A,51.78,27,69,43,21,25,80,99,32,13,7,917689435502,2018-10-13,No,Music,Remark Rkovhbkgxhjx
S500234,Student Dsatrfxnt,2000-01-06,C,98.16,16,41,53,10,8,17,51,59,16,2,919140289271,2019-02-05,No,Art,Remark Umchvjnib
S500235,Student Ffwypogl F,2000-02-01,B,64.63,9,38,85,49,65,2,38,48,33,8,918580315509,2019-03-31,No,Art,Remark Judubtmnfr
S500236,Student Osluaophcxoew,2000-10-19,E,69.53,7,80,51,37,48,30,30,81,2,9,919206963778,2018-10-28,No,Unknown,Remark Tisdllurmke
S500237,Student Mkjsdrhx,2000-03-25,C,58.83,49,16,50,73,29,80,51,98,22,9,919780366520,2018-12-22,Yes,Art,Remark Ccakdl
S500238,Student Wialatwmmxawpyw,2000-03-25,B,95.96,29,47,59,52,37,36,88,72,19,3,917182244927,2019-03-16,No,Music,Remark Wqpwewkxmdl
S500239,Student Vyzgmfunsp,2000-12-10,C,44.86,82,95,53,71,27,83,36,55,23,7,917899401063,2018-10-28,Yes,Art,Remark Brqmiqxmtjo
S500240,Student Zxzmurds,2000-12-10,A,64.54,79,58,55,49,19,17,4,77,30,4,919935905650,2018-09-15,No,Sports,Remark Xzncby Mlrmzlr
S500241,Student Zqwknp Dlrdog,2000-02-01,F,82.61,100,59,98,71,69,16,28,40,18,1,918745882490,2018-11-09,Yes,Unknown,Remark Bvldzfd
S500242,Student Kqwyetupbn,2000-12-16,E,42.11,51,37,67,92,46,59,54,34,33,0,918449616937,2018-10-28,No,Unknown,Remark Uxzrofojernwn
S500243,Student Wsbeqy Jpjfip,2000-05-27,A,64.39,88,58,81,73,3,59,77,61,26,0,919040137336,2019-02-05,No,Unknown,Remark A Hqpumw
S500245,Studentdcyaneosykguoe,2000-02-16,F,95.85,92,44,92,84,83,10,38,42,41,1,917920591379,2018-10-28,Yes,Unknown,Remark Txxk Qvbgnr
S500246,Student Ouxigxo,2000-10-04,D,52.22,61,23,66,84,75,20,86,15,14,8,918098579436,2018-11-09,No,Sports,Remarh Vyeupq
S500247,Student Zjwbynzjuaeb,2000-05-27,E,41.5,74,72,66,0,63,57,63,38,0,3,918022484871,2019-04-08,Yes,Unknown,Remark Abrkmbqv
S500248,Student Resoclfwekx,2000-02-01,C,59.06,71,77,30,79,99,78,1,9,40,3,919112924614,2018-11-13,Yes,Unknown,Remark Gzhdlmymyxodd
S500249,Student Nwfwdis,2000-01-13,C,65.05,86,43,29,56,46,50,41,28,14,1,918537953605,2018-08-13,No,Music,Remark Fvyinv
S500250,Student Vqbedqb Fsjnhn,2000-03-04,B,56.95,75,61,25,24,78,96,83,53,44,9,917798611188,2018-10-13,No,Unknown,Remark Fxmxxrxr
S500251,Student Yxqejczqpt,2000-12-16,B,95.54,80,45,89,99,63,32,25,85,14,5,918521507813,2018-10-13,Yes,Art,Remark Kwqhzdhvkr
S500252,Student S Ixdbank,2000-07-26,A,85.91,98,33,88,77,21,80,85,34,17,9,919060709702,2018-12-08,Yes,Unknown,Remark Fkssakd
S500253,Student Yaqrtzkbynara,2000-02-01,C,76.23,33,3,49,63,62,29,2,45,45,0,919292574471,2018-11-13,No,Art,Xemark Bsaeoe
S500254,Student Isjciez,2000-12-18,B,69.77,24,25,88,24,41,71,82,74,36,6,919307682126,2018-10-13,No,Unknown,Remark Vbuhfty
S500255,Student Oriyjsj,2000-12-16,C,45.54,79,93,96,57,61,96,25,3,14,6,918779425125,2018-11-19,Yes,Music,Remark Mfsuvkmrlq
S500256,Student Pieyh,2000-03-04,D,67.09,66,64,70,30,50,26,94,50,12,0,917902409182,2018-10-13,Yes,Music,Remark Vbx Jxa
S500257,Student Pqhtbmsobgpnpd,2000-05-27,B,88.16,52,30,11,87,36,79,62,17,27,3,917008941936,2018-10-28,No,Unknown,Remark Ec Uqklxybq
S500258,Student Cupjtequfg,2000-01-20,B,71.98,96,53,2,92,96,9,45,1,44,4,919698226175,2019-01-06,Yes,Art,Remark  Scgmb
S500259,Student Lcdsbasemtmwkn,2000-01-06,C,83.86,50,24,4,27,19,0,42,69,30,4,919140892437,2019-01-11,No,Sports,Remark Fqomboxgc
S500260,Student Cxmeeektqqi,2000-05-27,C,91.93,93,65,38,26,75,96,18,54,20,5,917971636080,2018-06-25,No,Unknown,Remark Pldwkimcxlwa
S500261,Student Pcrsnjby,2000-02-01,F,56.27,99,40,48,96,68,19,10,75,34,7,918075453581,2019-02-05,No,Sports,Remark Mfncertre
S500262,Student Lpyktnqbfno,2000-02-01,E,53.37,98,38,67,25,3,67,65,7,44,8,917730588297,2019-01-06,No,Music,Remark Umlzimcdledzqe
S500263,Student Svciqqqdo,2000-09-06,F,42.2,96,87,51,2,52,70,50,22,11,0,919036232996,2018-06-09,Yes,Unknown,Remark Manbdshrehy
S500264,Student Knttuqpuqfexm,2000-01-02,F,49.82,93,85,95,100,54,6,54,58,25,4,918621342537,2018-10-13,No,Sports,Remark V Aajivqu
S500265,Student Qlrxqcfgcxto,2000-01-02,B,50.61,40,14,80,9,87,41,34,67,31,9,919260146101,2018-09-04,Yes,Art,Remark Ebvmxih
S500266,Student Hxgdhrtsgdrjk,2000-02-01,F,67.98,98,1,9,71,74,28,30,78,46,9,918275382825,2019-03-16,No,Music,Remark Itiyakglejuw
S500267,Student Fwdtlxq,2000-05-27,B,58.49,98,46,98,56,13,78,76,99,14,3,917423047733,2019-01-14,No,Sports,Remark Rbkktdsfbsl
S500268,Student Gwjy Kgooexikr,2000-02-01,F,44.53,9,24,86,77,46,58,38,92,28,5,917833356766,2019-01-06,Yes,Sports,Remark Qfxbcpmsr
S500269,Student Okxplybtnc,2000-01-20,A,75.91,50,65,44,53,89,69,12,43,39,2,919326321380,2019-02-05,No,Sports,Remark Xwyoj
S500270,Student Qpxtdexpyzohkvq,2000-02-01,C,42.63,43,51,36,4,38,88,99,65,20,3,918035148142,2018-10-28,Yes,Art,Remark Xheef
S500271,Student Fyvwjc,2000-02-01,E,66.01,10,65,94,3,86,99,51,58,39,8,919348848175,2018-09-15,Yes,Unknown,Remark Abwcnysvc
S500272,Student Nenbvnrwijabiut,2000-12-16,F,70.94,46,43,26,59,79,83,91,12,43,5,919185464106,2018-10-13,No,Art,Remark K Bcpn
S500273,Student Fjnos,2000-02-01,D,78.33,99,21,52,52,51,65,34,12,42,5,919745410378,2019-01-15,No,Sports,Remark Whivutbov
S500274,Student Xoivluadaap,2000-05-27,F,51.86,67,58,50,91,62,46,72,100,11,1,919964869670,2019-02-14,Yes,Unknown,Remark Hxvzgfvozgyhfs
S500275,Student Kuubtpc,2000-02-01,A,59.04,7,43,25,90,73,33,50,17,13,7,919649826004,2019-04-17,Yes,Unknown,Remark Vlgomddsvve
S500276,Student Kmpqaspbpfehpaw,2000-12-16,E,90.0,63,58,58,52,50,10,23,19,41,5,917240083247,2018-10-13,No,Unknown,Remark Gfdrjbppziqm
S500277,Student Gqm Ob,2000-06-17,C,50.24,10,85,72,35,82,7,89,0,17,1,918999863345,2018-11-13,No,Unknown,Rembrk Pdeabwtevmlzqx
S500278,Student Llirhaaj,2000-02-01,E,48.57,60,10,66,31,79,69,16,21,34,9,919590531656,2018-10-28,No,Music,Remark Mqmwhwwame
S500279,Student Zewojolqgwvd,2000-12-18,C,82.06,34,14,77,36,61,23,59,65,26,2,919082925795,2018-11-09,Yes,Art,Remark Uemlsoxarjqqud
S500280,Student Hnqmpzsgbmahuk,2000-01-20,F,68.75,29,79,80,68,67,60,63,18,30,4,919339592730,2018-10-28,Yes,Sports,Remark L Cscbkndmsg
S500281,Student Czsleorbfgmadg,2000-12-16,E,63.96,74,65,71,32,59,39,59,10,41,8,919619786897,2018-12-07,No,Sports,Remark Gvts Xotmm
S500282,Student Bcwgf,2000-05-27,D,87.46,77,18,89,83,4,40,54,5,2,7,918249075864,2018-09-15,Yes,Unknown,Remark Hyozoc Lbktehhz
S500283,Student Tcidgenjbolnfm,2000-01-20,C,47.69,7,4,64,94,45,68,70,83,33,5,919107535892,2018-10-13,No,Sports,Reiark Vhjivjmf
S500284,Student Fwxqg,2000-02-01,D,49.49,13,58,8,70,28,39,69,25,32,3,918074160918,2018-11-01,Yes,Unknown,Remark Cxlvtfwvul
S500285,Student Amyrubdijudm,2000-02-01,C,58.49,96,72,66,79,56,3,92,67,4,9,918018468744,2018-10-13,Yes,Art,Remark Gyjplrhxkazkekr
S500286,Student Rgkfgmvdmtwq,2000-03-25,E,83.58,77,13,72,37,2,46,78,87,28,0,918812006004,2018-11-09,Yes,Unknown,Remark Jw Ajtgtnzjla
S500287,Student  Cxxdtewquu,2000-02-01,A,65.73,42,23,1,36,85,15,12,88,15,0,919427465107,2019-02-05,No,Sports,Remark Umvilhjgihvfoxl
S500288,Student Ovranygeza,2000-02-01,F,66.09,0,4,54,74,17,50,19,88,46,7,917754850455,2018-10-13,No,Unknown,Remark Gjbeab Qw
S500289,Student Jx Wwznfc,2000-02-01,E,53.69,7,50,82,3,99,18,62,73,18,1,919123243916,2019-02-05,No,Unknown,Remark Lcnf Qjlraegu
S500291,Studena Vdbhnmf,2000-05-27,D,81.85,94,6,48,0,33,31,89,76,44,4,919788858428,2018-10-13,Yes,Music,Remark Dffavx
S500293,Student Wlzpyxoj,2000-01-20,C,69.38,66,53,12,14,50,37,42,13,42,6,919850805221,2018-08-06,Yes,Unknown,Remark Gxugnbwwshjunn
S500294,Student Lnmuqrdqlhbjg,2000-02-01,B,86.85,86,85,67,41,2,59,18,30,17,6,919280353506,2018-09-06,Yes,Music,Remark Joeta
S500295,Student Xlevo,2000-10-12,E,84.27,24,91,97,35,83,100,83,29,49,4,918004887938,2018-10-13,Yes,Music,Remark Kyibryq
S500296,Student Rscacp,2000-01-20,C,85.62,40,83,13,71,91,70,41,10,10,8,918600470695,2019-03-19,Yes,Unknown,Remark Bybxavohnoypa
S500297,Student Cfynsppukr,2000-05-27,B,48.5,25,44,2,87,53,86,39,82,46,7,919202544746,2018-09-24,Yes,Unknown,Remark Autgnagrc
S500298,Student Wlmxitoipuk,2000-01-20,C,90.53,86,10,37,62,19,17,79,15,44,4,918417932971,2019-02-05,Yes,Unknown,Remark Lvcssyua
S500299,Student Ylrmb,2000-09-16,D,63.81,28,98,32,8,58,71,33,91,4,1,918055033085,2019-02-05,Yes,Unknown,Remark Gbwtxgcqcgur
S500300,Student Nfbmja,2000-02-01,B,85.13,51,74,56,46,90,37,42,24,3,8,917126160623,2018-10-28,No,Unknown,Remark  Alnn
S500301,Student Opvdvyrawx,2000-06-13,C,64.77,46,83,63,45,34,65,6,29,47,5,919599847562,2018-11-15,Yes,Art,Remark Brciwwvmchvx
S500302,Student Kzhicx,2000-12-16,B,97.12,52,83,10,99,41,77,68,86,30,5,919261134311,2018-10-13,No,Sports,Remark Njyyfxerlbyofs
S500303,Student Lvbajrvvlibyttd,2000-04-19,A,51.36,5,95,69,38,71,82,12,21,15,9,918819640650,2018-08-28,Yes,Art,Remark Hzevuaus Nvu
S500304,Student Pcanavhyoipvfvj,2000-05-27,E,59.31,84,61,75,83,91,93,85,78,29,6,919848955532,2018-10-28,Yes,Sports,Remark Qrxuiuhxfmk
S500305,Student Adpjqqjormuyikz,2000-12-16,F,80.4,53,73,42,26,79,95,19,70,47,6,917681244984,2018-10-28,Yes,Art,Remark Cpktzoudahe
S500306,Student Xyulwly Uszqre,2000-12-18,A,51.73,89,82,85,58,85,34,62,21,29,4,918018949135,2018-12-14,No,Art,Remark Oiraiakzbbmw
S500307,Student Anrrxllwnwf,2000-02-01,C,65.59,12,70,40,52,28,12,27,30,21,2,917260745150,2018-12-08,No,Unknown,Remark Czjjbqu
S500308,Student Dkzxhd,2000-02-01,A,43.32,73,82,73,90,98,92,58,60,12,1,919146999002,2019-03-29,No,Unknown,Redark Qbximzboxv
S500309,Student Zdohjskquxq,2000-09-16,E,57.57,42,64,15,50,4,34,100,88,28,8,919317582479,2019-02-05,Yes,Sports,Remark Ujonddyzqgwcxv
S500310,Student Lksnyhloyfa T,2000-03-25,B,69.38,36,89,83,61,21,89,64,29,2,3,918154166801,2018-10-13,Yes,Sports,Remark Gxnqg
S500311,Student Zjigfhq,2000-02-01,D,43.57,96,45,30,26,76,91,46,31,21,8,919975304712,2018-11-09,Yes,Music,Remark Mdkjkvfhtpvnrce
S500312,Student Sihtjakc,2000-07-14,D,43.27,24,90,66,35,51,70,61,49,44,6,918990001509,2019-05-11,Yes,Unknown,Remark Zifxkstxdqsuuh
S500313,Student Nwtnzinxfgjcow,2000-02-16,D,42.05,64,35,31,64,15,100,62,86,17,8,917533575126,2019-02-05,No,Art,Remark Mnuuausyw Eqj
S500314,Student Fttrw,2000-12-16,F,52.0,90,92,39,29,61,21,25,53,14,5,917356840547,2018-12-09,No,Art,Remark Tdxbaxjbbdc
S500315,Student Zwlqlia Z,2000-02-01,D,80.31,11,98,10,92,94,68,55,63,33,9,917218825768,2019-01-06,No,Sports,Remark Eiusnoesv
S500316,Student Ihizumlgit,2000-02-01,A,58.23,23,26,82,10,17,26,80,82,41,8,917361555857,2019-04-18,No,Music,Remark Ujdvns
S500317,Student Qeadlk Uvbfaz,2000-05-27,D,56.6,85,32,13,53,29,79,54,83,25,2,917276738745,2019-01-06,Yes,Art,Remark Sdwxtvoly
S500318,Student Piroznkmsurjqp,2000-04-13,C,53.68,86,13,48,17,32,67,49,40,23,0,918452041000,2019-02-23,Yes,Unknown,Remark Jyiusopm
S500319,Student Ghsuvi,2000-02-01,F,79.1,76,78,43,44,83,82,77,36,11,0,919237954099,2019-01-15,No,Art,Remark Enscbyg
S500320,Student Usyersjypxipi,2000-01-20,D,43.02,84,43,90,33,38,77,75,48,5,4,918737478019,2019-03-16,Yes,Unknown,Uemark Ydobbu
S500321,Student  Igqcefwj,2000-10-18,E,85.67,25,28,47,64,71,49,11,77,10,8,917328568054,2018-08-28,No,Music,Remark Wyjajhjajif
S500322,Student Ravcqtvdasqmd,2000-05-27,C,95.16,25,86,16,82,23,66,50,81,46,4,918329318830,2019-04-08,Yes,Sports,Remark Daqsoiidb
S500323,Student Vrudwvus,2000-12-16,C,88.51,50,74,29,28,72,86,14,55,47,2,918859255262,2019-02-05,Yes,Music,Remark Edonzr
S500324,Student Scqaxxuo,2000-05-27,B,56.14,8,3,63,14,27,81,20,62,0,2,918851705955,2018-12-19,Yes,Sports,Remark Igazep
S500325,Student Pllyyy,2000-10-04,D,43.59,68,51,49,36,18,52,24,60,14,4,917905935201,2018-10-05,Yes,Unknown,Remark L Gnsdavekxan
S500326,Student Tdasp,2000-02-16,C,51.35,21,20,55,26,98,74,74,31,20,5,917427792754,2019-03-19,Yes,Sports,Remark Gjstmgedavgfar
S500327,Student Oqaecacshhras,2000-12-16,F,78.89,50,80,8,83,13,29,6,11,2,0,918427106957,2018-11-06,No,Unknown,Remark Martuzsz
S500328,Student Izrzhkimrqaze,2000-05-27,B,57.88,80,24,39,87,73,10,13,4,7,4,918662821044,2019-02-05,No,Music,Remark Yvdiablex
S500329,Student Kaljpsi,2000-02-01,E,99.14,70,13,43,69,60,87,95,51,15,2,917605920740,2019-02-05,No,Music,Remark Ubequ
S500330,Student Pjbpgzrmar,2000-01-13,D,47.27,78,23,60,91,44,18,87,21,36,9,917168040496,2018-12-14,Yes,Sports,Remark Brkxhpxt
S500331,Student Vpmjkgpn A,2000-05-27,A,46.56,75,53,91,72,13,44,18,14,2,2,918102862526,2018-10-28,No,Sports,Remark Yhsxvaxmupa
S500332,Student Jgzxiqczhjftspo,2000-05-27,A,52.67,33,87,47,51,86,76,52,35,37,7,918792041627,2019-01-06,Yes,Music,Remark Mydsbptbqska
S500333,Studpnt Iqn U,2000-04-13,B,72.81,73,85,76,76,27,29,66,79,5,9,917564107072,2018-08-13,Yes,Unknown,Remark Mezmyg
S500334,Student Daala,2000-01-20,B,40.36,92,16,80,30,18,90,46,12,48,6,917922593451,2019-02-05,No,Unknown,Remark U Lqoa
S500335,Student Wqhyy,2000-02-01,B,63.52,55,100,16,8,6,90,60,7,24,9,919950815999,2018-10-13,No,Art,Remark Vgnqdflitndlyf
S500337,Student Fpmqeoizgha,2000-12-16,A,74.87,88,55,81,6,51,54,0,10,31,2,919286801316,2018-07-31,Yes,Art,Remarm Ev Hmvy Nthut
S500338,Student Devnfv,2000-03-25,A,75.86,7,2,60,87,5,57,59,94,12,4,917531892517,2018-10-13,Yes,Unknown,Remark Fkhsmhhmaletri
S500339,Student Sazqjnddsvrb,2000-09-16,F,78.9,73,22,92,59,82,40,34,49,42,7,918519982723,2019-02-05,Yes,Unknown,Remark Pubbki
S500340,Student Ckguon Ytyhb,2000-12-16,A,46.54,82,32,43,88,45,73,12,30,23,8,918747689762,2018-10-13,Yes,Unknown,Remark Gdwsnehdtxx
S500342,Student Eutihcosunpx,2000-05-07,F,57.47,3,70,20,37,47,97,69,15,0,9,918481400785,2019-03-29,No,Music,Remark Ezupw
S500343,Student Owyhskzayas,2000-01-20,C,46.32,27,35,34,91,97,42,66,51,30,1,917008660118,2019-04-08,No,Sports,Remark Bduyfn
S500344,Student Iwyyf,2000-01-20,A,70.05,11,48,0,98,62,60,91,64,49,2,919894547223,2018-10-13,No,Art,Temark Bgkqiivnpgmjhs
S500345,Student Ctmjwmqibumfd,2000-09-06,A,86.21,93,89,18,82,79,66,79,72,3,7,919778038374,2018-10-13,Yes,Sports,Remark Fexuqrusjmsw
S500346,Student Sjaudspwn Oksx,2000-12-10,B,43.52,26,89,78,35,0,91,56,83,23,8,919844932941,2019-01-19,No,Music,Remark Xpoylwokts
S500347,Student Gmsne Nyurbg,2000-07-19,F,86.39,50,97,22,30,95,58,18,82,16,6,919807975791,2018-11-09,Yes,Music,Remark Sfvqs
S500348,Student Hznvxpvjedcv,2000-02-01,C,47.02,84,72,92,19,78,55,5,45,41,0,918286659953,2018-12-16,Yes,Unknown,Remark Enstmeolk
S500349,Student Qemrsly Ofib,2000-12-18,E,99.54,19,45,48,81,46,5,82,82,35,5,918791424468,2019-01-06,No,Music,Remark Givxin
S500350,Student Hziorht,2000-01-20,F,52.29,38,66,99,86,23,93,11,1,22,8,919884483202,2018-10-13,No,Art,Remark Irhzhgylkhjx
S500351,Student Dzmudkxnjkfpu,2000-02-01,A,59.97,63,53,77,6,38,95,93,74,43,9,917276836336,2018-06-28,Yes,Sports,Remark Gzrndue
S500352,Student Almcqektkibur,2000-10-02,C,66.2,18,12,39,21,100,74,45,71,10,5,918626663883,2018-12-07,No,Music,Remark Mykdnzrdwzz
S500353,Student Citrqsfcdi,2000-01-20,B,59.01,47,79,77,82,23,59,19,62,8,2,919859637400,2019-02-23,No,Unknown,Remark Qlydubbwalzj
S500354,Student Jyprbarardodgp,2000-12-11,C,98.99,57,30,34,60,92,11,48,85,37,0,919247087806,2019-04-18,Yes,Art,Remark Pghrzau
S500355,Student Qmfpckqdsczgw,2000-05-27,E,73.71,53,44,84,27,53,51,94,92,15,7,919675403492,2018-10-28,No,Art,Remark Xkopg
S500356,Student Gilpaljlof,2000-02-01,E,63.18,62,62,1,89,35,68,78,67,47,3,918876649492,2018-10-13,No,Music,Remark Gfabgv
S500357,Student Qudfony Zsfx,2000-01-20,B,79.78,50,82,53,26,3,57,97,24,30,4,918033634722,2019-02-05,No,Music,Remark Piutbjuy
S500358,Student Arydwmvj,2000-12-18,E,66.82,23,77,90,84,60,82,10,6,3,9,918061796481,2018-10-13,Yes,Music,Remark Vogackckdcmet
S500359,Studert Cvmskzendrqa,2000-01-20,E,79.16,87,28,24,80,78,41,94,97,27,2,919043894246,2018-10-13,Yes,Music,Remark Uwgfp
S500360,Student Pvyptic Aqobf,2000-04-19,F,45.12,8,62,90,70,83,37,97,37,18,2,918712684638,2018-12-16,Yes,Art,Remark Eigzisiuv
S500361,Student Zcvxrutrssubfjl,2000-02-01,A,56.07,60,58,16,79,84,4,83,73,2,6,918773071791,2018-12-14,Yes,Art,Remark Qwjmgffwgouc
S500362,Student Oumaenhkx,2000-05-27,A,44.23,48,44,26,17,2,9,10,54,1,7,918861455018,2018-11-13,Yes,Unknown,Remark Bcsvgqhwjpqygt
S500363,Student Cjzfav,2000-05-27,F,63.4,68,23,58,36,67,11,91,32,4,2,917996640247,2018-10-13,Yes,Sports,Remark Ejraryethjlsl
S500364,Student Jighpy,2000-02-01,D,88.35,19,61,21,50,23,93,29,35,12,6,918424423564,2018-10-28,Yes,Unknown,Remark Rperhyvoud
S500365,Student Mauyj,2000-11-17,B,46.76,81,18,91,72,22,50,69,70,2,3,917128406691,2018-10-28,Yes,Art,Remark Hlkbwmeimgiiwkq
S500366,Student Mjffiiljzjotd,2000-05-27,E,75.62,12,32,32,87,39,36,20,23,30,0,918342216640,2018-09-15,Yes,Art,Remark Etwk Dlprib
S500367,Student Gzqfl Ihrmqbgvt,2000-02-01,A,73.22,56,97,12,31,56,74,78,8,16,4,917560399980,2019-04-21,No,Art,Remark Dlturfbfr
S500368,Student Wtshfhfo,2000-07-19,D,49.75,15,9,25,71,69,71,37,27,34,6,917505391455,2018-10-13,No,Sports,Remark Qrhekdq
S500369,Student Hdumxyoax,2000-03-04,F,92.48,38,23,28,87,36,23,81,97,16,7,917525151254,2019-03-16,Yes,Music,Remark Fsxfnfo
S500370,Studene Qxyyff Ag,2000-05-27,C,69.55,4,92,56,20,6,59,94,21,46,5,918084248041,2018-11-19,Yes,Art,Remark Ocfygh
S500371,Student Zhazibljgz,2000-12-18,F,56.02,20,34,69,4,83,77,48,53,32,8,919030803953,2019-04-08,Yes,Sports,Remark Dallitztk
S500372,Student Uadcjclpyftkvb,2000-05-27,B,89.34,3,12,51,62,21,87,4,47,29,9,917251528766,2018-11-25,Yes,Music,Remark Krtggi Gvwv
S500373,Student Ugqqxqfieik,2000-12-11,D,84.09,47,50,79,28,44,52,96,41,5,8,917435019251,2018-10-28,Yes,Art,Remark Wdpphu
S500374,Student Evuohkdra,2000-02-01,E,93.1,67,84,25,49,91,89,68,4,5,2,917839899559,2018-11-09,No,Music,Remark Vnumupmyhm
S500375,Student Guxwerdyz Eyp,2000-01-20,C,48.87,92,29,24,52,37,92,16,89,2,6,919231153211,2018-09-15,Yes,Unknown,Remark Hejpydyigfufl
S500376,Student Jnvrpisam,2000-12-10,A,52.86,75,70,64,25,45,5,41,77,11,7,919738922828,2019-02-05,Yes,Music,Remark Tjljpqzndk
S500377,Student Idxcyyvmpk,2000-08-20,E,58.65,49,25,21,99,5,83,75,44,26,1,919028287347,2018-07-31,Yes,Music,Remark Hrgbkxuozzwqfjw
S500378,Student Zqwwinxgnsrwi,2000-02-01,D,74.47,66,32,64,38,13,34,6,34,45,8,917838330097,2019-03-16,No,Sports,Remark H Miyomiuiw C
S500379,Student Hrfszysaemzc,2000-05-27,D,69.69,9,62,90,37,9,62,78,57,14,3,919407427448,2018-09-15,Yes,Art,Remark Vrsjuvv Vfeupp
S500380,Student Pxmcjhywtm,2000-02-01,C,75.71,6,15,54,26,15,86,94,4,2,7,919549870168,2019-02-05,Yes,Unknown,Remark Xgayruhlytaxw
S500381,Student Htursmrsxfsmq,2000-05-27,D,64.61,73,2,85,57,26,80,51,39,6,7,918679394038,2018-11-15,No,Music,Remark Lxdqnqtzpln Afy
S500382,Student Rvjcpc,2000-01-20,C,96.25,38,95,40,45,18,6,80,9,38,8,917606527679,2018-08-21,Yes,Sports,Remcrk Eaeoncyq X
S500383,Student Mzonz,2000-05-07,D,53.06,49,4,60,43,69,42,24,72,30,4,918266415583,2019-02-05,Yes,Unknown,Remark Rglmslky
S500384,Student Sgfedjfm,2000-01-02,A,89.51,31,55,36,35,91,65,8,0,4,6,918896474213,2019-02-05,No,Music,Remark Xfidwioa N
S500385,Student Xorqosywfvithxv,2000-02-01,A,90.29,84,57,68,81,3,41,59,66,16,6,917722462499,2019-02-23,No,Sports,Remark Xpfztiqwkms
S500386,Student Giuthgrmqaztnxm,2000-05-27,A,97.02,17,12,0,100,63,80,90,32,8,4,919447812921,2018-08-28,No,Art,Remark Gkbwyjddpzwrd
S500387,Student Obxr Zfnp,2000-01-20,B,89.59,97,83,83,42,77,49,26,95,14,6,919526355815,2019-02-05,Yes,Art,Remark Vrebl
S500388,Student Pbzgcl,2000-09-16,B,56.12,82,92,95,18,80,48,89,98,43,7,919294487292,2019-02-05,Yes,Art,Remark Trdrczqnpsknbk
S500389,Student Gtyajfahj,2000-05-27,B,43.62,12,43,83,21,40,8,81,90,22,1,917089063292,2018-06-12,Yes,Sports,Remark Lkjgeymtid
S500390,Student Dt Lv,2000-02-01,C,71.07,82,26,70,33,46,31,94,48,37,1,919748806024,2019-04-08,No,Art,Remark Nmxnb
S500391,Student Lxftno,2000-09-15,B,63.93,3,77,3,83,29,36,34,87,43,2,919137791627,2018-10-28,Yes,Music,Remark Jvgzz
S500392,Student Gtizwlscqtxqv,2000-12-18,A,61.2,38,77,22,13,93,2,89,91,17,2,919127120817,2018-11-01,Yes,Unknown,Remark Pkdvks
S500393,Student Mnlbwjqet,2000-05-27,E,67.9,66,16,19,83,41,88,15,48,36,1,917512207181,2019-02-05,Yes,Unknown,Remark Sswdumsxomhj
S500394,Student Wnxxlb Yeqtpbll,2000-06-13,F,68.59,98,40,49,34,93,84,65,58,0,7,917928128197,2018-10-13,No,Sports,Remark Etgdkaxp
S500395,Student Bshiippw,2000-02-01,C,44.91,19,82,55,26,71,19,10,57,22,1,919727095912,2018-09-15,No,Sports,Remark Pwjwu Uxf
S500396,Student Iaozo,2000-05-27,F,65.96,67,61,25,60,21,1,28,14,18,3,919483746450,2019-02-05,Yes,Unknown,Remark Egvvlwu
S500397,Student Ebdfggwxjjog,2000-05-27,D,65.84,7,11,47,47,97,81,17,89,22,9,918698429925,2019-01-06,Yes,Unknown,Remark Gnfjgikdxlmra
S500398,Student Kubhjibbfltwuqi,2000-05-27,E,78.85,60,49,44,87,49,7,41,78,13,4,919692391361,2018-12-04,No,Art,Remark Qgeoo
S500399,Student Oajdrjuqepwkay,2000-02-01,B,95.59,84,31,69,14,51,31,99,28,15,9,919021715701,2019-01-06,No,Art,Remark Kixtdqngm
